-- --------------------------------------------------------
-- Host:                         192.168.1.8
-- Server version:               5.5.38-0ubuntu0.14.04.1 - (Ubuntu)
-- Server OS:                    debian-linux-gnu
-- HeidiSQL Version:             8.3.0.4834
-- --------------------------------------------------------

/*!40101 SET @OLD_CHARACTER_SET_CLIENT=@@CHARACTER_SET_CLIENT */;
/*!40101 SET NAMES utf8 */;
/*!40014 SET @OLD_FOREIGN_KEY_CHECKS=@@FOREIGN_KEY_CHECKS, FOREIGN_KEY_CHECKS=0 */;
/*!40101 SET @OLD_SQL_MODE=@@SQL_MODE, SQL_MODE='NO_AUTO_VALUE_ON_ZERO' */;

-- Dumping structure for table centini.groups
CREATE TABLE IF NOT EXISTS `groups` (
  `group` char(16) NOT NULL,
  `description` varchar(50) DEFAULT NULL,
  PRIMARY KEY (`group`)
) ENGINE=InnoDB DEFAULT CHARSET=utf8;

-- Dumping data for table centini.groups: ~3 rows (approximately)
/*!40000 ALTER TABLE `groups` DISABLE KEYS */;
INSERT INTO `groups` (`group`, `description`) VALUES
	('group1', 'Test Group 1'),
	('group2', 'Test Group 2'),
	('group3', 'Test Group 3');
/*!40000 ALTER TABLE `groups` ENABLE KEYS */;


-- Dumping structure for table centini.group_member
CREATE TABLE IF NOT EXISTS `group_member` (
  `id` smallint(5) unsigned NOT NULL AUTO_INCREMENT,
  `group` char(16) NOT NULL,
  `username` char(16) NOT NULL,
  PRIMARY KEY (`id`),
  UNIQUE KEY `group` (`group`,`username`),
  KEY `group_member_fk2` (`username`),
  CONSTRAINT `group_member_fk1` FOREIGN KEY (`group`) REFERENCES `groups` (`group`) ON DELETE CASCADE ON UPDATE CASCADE,
  CONSTRAINT `group_member_fk2` FOREIGN KEY (`username`) REFERENCES `users` (`username`) ON DELETE CASCADE ON UPDATE CASCADE
) ENGINE=InnoDB AUTO_INCREMENT=5 DEFAULT CHARSET=utf8;

-- Dumping data for table centini.group_member: ~4 rows (approximately)
/*!40000 ALTER TABLE `group_member` DISABLE KEYS */;
INSERT INTO `group_member` (`id`, `group`, `username`) VALUES
	(1, 'group1', 'agent1'),
	(2, 'group1', 'spv1'),
	(3, 'group2', 'spv1'),
	(4, 'group3', 'agent2');
/*!40000 ALTER TABLE `group_member` ENABLE KEYS */;


-- Dumping structure for table centini.incoming_call_log
CREATE TABLE IF NOT EXISTS `incoming_call_log` (
  `id` int(10) unsigned NOT NULL AUTO_INCREMENT,
  PRIMARY KEY (`id`)
) ENGINE=InnoDB DEFAULT CHARSET=utf8;

-- Dumping data for table centini.incoming_call_log: ~0 rows (approximately)
/*!40000 ALTER TABLE `incoming_call_log` DISABLE KEYS */;
/*!40000 ALTER TABLE `incoming_call_log` ENABLE KEYS */;


-- Dumping structure for table centini.outgoing_call_log
CREATE TABLE IF NOT EXISTS `outgoing_call_log` (
  `id` int(10) unsigned NOT NULL AUTO_INCREMENT,
  PRIMARY KEY (`id`)
) ENGINE=InnoDB DEFAULT CHARSET=utf8;

-- Dumping data for table centini.outgoing_call_log: ~0 rows (approximately)
/*!40000 ALTER TABLE `outgoing_call_log` DISABLE KEYS */;
/*!40000 ALTER TABLE `outgoing_call_log` ENABLE KEYS */;


-- Dumping structure for table centini.queues
CREATE TABLE IF NOT EXISTS `queues` (
  `queue` char(16) NOT NULL DEFAULT '',
  PRIMARY KEY (`queue`)
) ENGINE=InnoDB DEFAULT CHARSET=utf8;

-- Dumping data for table centini.queues: ~0 rows (approximately)
/*!40000 ALTER TABLE `queues` DISABLE KEYS */;
/*!40000 ALTER TABLE `queues` ENABLE KEYS */;


-- Dumping structure for table centini.queue_member
CREATE TABLE IF NOT EXISTS `queue_member` (
  `id` smallint(11) unsigned NOT NULL AUTO_INCREMENT,
  `queue` char(16) NOT NULL DEFAULT '',
  `username` char(16) NOT NULL DEFAULT '',
  PRIMARY KEY (`id`),
  KEY `queue_member_fk1` (`queue`),
  KEY `queue_member_fk2` (`username`),
  CONSTRAINT `queue_member_fk1` FOREIGN KEY (`queue`) REFERENCES `queues` (`queue`) ON DELETE CASCADE ON UPDATE CASCADE,
  CONSTRAINT `queue_member_fk2` FOREIGN KEY (`username`) REFERENCES `users` (`username`) ON DELETE CASCADE ON UPDATE CASCADE
) ENGINE=InnoDB DEFAULT CHARSET=utf8;

-- Dumping data for table centini.queue_member: ~0 rows (approximately)
/*!40000 ALTER TABLE `queue_member` DISABLE KEYS */;
/*!40000 ALTER TABLE `queue_member` ENABLE KEYS */;


-- Dumping structure for table centini.users
CREATE TABLE IF NOT EXISTS `users` (
  `username` char(16) NOT NULL,
  `password` varchar(32) NOT NULL,
  `fullname` varchar(50) DEFAULT NULL,
  `level` enum('Administrator','Agent','Supervisor','Manager') NOT NULL DEFAULT 'Agent',
  `peer` varchar(10) DEFAULT NULL,
  PRIMARY KEY (`username`)
) ENGINE=InnoDB DEFAULT CHARSET=utf8;

-- Dumping data for table centini.users: ~5 rows (approximately)
/*!40000 ALTER TABLE `users` DISABLE KEYS */;
INSERT INTO `users` (`username`, `password`, `fullname`, `level`, `peer`) VALUES
	('admin', '1a1dc91c907325c69271ddf0c944bc72', 'Administrator', 'Administrator', NULL),
	('agent1', '1a1dc91c907325c69271ddf0c944bc72', 'Test Agent Satu', 'Agent', NULL),
	('agent2', '32250170a0dca92d53ec9624f336ca24', 'Test Agent Dua', 'Agent', NULL),
	('manager1', '32250170a0dca92d53ec9624f336ca24', 'Test Manager Satu', 'Manager', NULL),
	('spv1', '1a1dc91c907325c69271ddf0c944bc72', 'Test Supervisor Satu', 'Supervisor', NULL);
/*!40000 ALTER TABLE `users` ENABLE KEYS */;


-- Dumping structure for table centini.user_pause_log
CREATE TABLE IF NOT EXISTS `user_pause_log` (
  `id` int(10) unsigned NOT NULL AUTO_INCREMENT,
  `username` char(16) DEFAULT NULL,
  `start` datetime NOT NULL,
  `finish` datetime DEFAULT NULL,
  `reason` varchar(50) NOT NULL,
  PRIMARY KEY (`id`),
  KEY `user_pause_log_fk1` (`username`),
  KEY `reason` (`reason`),
  CONSTRAINT `user_pause_log_fk1` FOREIGN KEY (`username`) REFERENCES `users` (`username`) ON DELETE SET NULL ON UPDATE CASCADE
) ENGINE=InnoDB AUTO_INCREMENT=59 DEFAULT CHARSET=utf8;

-- Dumping data for table centini.user_pause_log: ~58 rows (approximately)
/*!40000 ALTER TABLE `user_pause_log` DISABLE KEYS */;
INSERT INTO `user_pause_log` (`id`, `username`, `start`, `finish`, `reason`) VALUES
	(1, 'agent1', '2014-10-15 12:30:39', NULL, 'Test Doank'),
	(2, 'agent1', '2014-10-15 13:04:40', '2014-10-15 13:05:10', 'Test Doank'),
	(3, 'agent1', '2014-10-15 13:08:40', '2014-10-15 14:01:31', 'Test Doank'),
	(4, 'agent1', '2014-10-15 14:39:16', NULL, 'Test Doank'),
	(5, 'agent1', '2014-10-23 11:39:25', '2014-10-23 11:40:02', 'LUNCH'),
	(6, 'agent1', '2014-10-23 11:40:28', '2014-10-23 11:40:46', 'ISTIRAHAT'),
	(7, 'agent1', '2014-10-23 11:40:58', '2014-10-23 11:45:17', 'TOILET'),
	(8, 'agent1', '2014-10-23 11:46:23', '2014-10-23 11:46:43', 'TIDUR'),
	(9, 'agent1', '2014-10-23 11:52:09', '2014-10-23 11:52:12', 'Pilih reason..'),
	(10, 'agent1', '2014-10-23 11:52:55', '2014-10-23 11:54:07', 'TOILET'),
	(11, 'agent1', '2014-10-23 12:49:54', NULL, 'LUNCH'),
	(12, 'agent1', '2014-10-23 12:50:01', NULL, 'Pilih reason..'),
	(13, 'agent1', '2014-10-23 12:50:12', NULL, 'LUNCH'),
	(14, 'agent1', '2014-10-23 12:50:27', NULL, 'LUNCH'),
	(15, 'agent1', '2014-10-23 12:52:21', NULL, 'LUNCH'),
	(16, 'agent1', '2014-10-23 13:37:58', '2014-10-23 13:38:14', 'LUNCH'),
	(17, 'agent1', '2014-10-23 13:38:24', '2014-10-23 13:39:05', 'TIDUR'),
	(18, 'agent1', '2014-10-23 13:39:40', NULL, 'LUNCH'),
	(19, 'agent1', '2014-10-23 14:21:07', NULL, 'NGOBROL'),
	(20, 'agent1', '2014-10-23 15:07:47', '2014-10-23 15:07:55', 'ISTIRAHAT'),
	(21, 'agent1', '2014-10-23 15:08:11', '2014-10-23 15:08:19', 'LUNCH'),
	(22, 'agent1', '2014-10-23 15:12:09', NULL, 'ISTIRAHAT'),
	(23, 'agent2', '2014-10-27 08:17:55', NULL, 'ISTIRAHAT'),
	(24, 'agent1', '2014-10-27 08:43:35', '2014-10-27 08:43:49', 'LUNCH'),
	(25, 'agent1', '2014-10-27 08:43:55', '2014-10-27 08:46:04', 'ISTIRAHAT'),
	(26, 'agent1', '2014-10-27 08:57:09', '2014-10-27 09:01:07', 'ISTIRAHAT'),
	(27, 'agent1', '2014-10-27 09:08:01', NULL, 'ISTIRAHAT'),
	(28, 'agent1', '2014-10-27 13:50:53', '2014-10-27 14:04:55', 'TOILET'),
	(29, 'agent1', '2014-10-27 14:08:27', '2014-10-27 14:09:48', 'ISTIRAHAT'),
	(30, 'agent2', '2014-10-27 14:29:18', NULL, 'ISTIRAHAT'),
	(31, 'agent1', '2014-10-28 08:16:49', '2014-10-28 09:20:44', 'LUNCH'),
	(32, 'agent1', '2014-10-28 09:20:56', '2014-10-28 09:43:48', 'ISTIRAHAT'),
	(33, 'agent1', '2014-10-28 10:01:03', '2014-10-28 10:01:06', 'Pilih reason..'),
	(34, 'agent1', '2014-10-28 10:01:09', '2014-10-28 10:29:17', 'TOILET'),
	(35, 'agent1', '2014-10-28 10:36:37', NULL, 'LUNCH'),
	(36, 'spv1', '2014-10-28 12:23:46', '2014-10-28 12:23:49', 'Pilih reason..'),
	(37, 'agent1', '2014-10-28 13:05:29', '2014-10-28 13:05:31', 'TOILET'),
	(38, 'agent1', '2014-10-28 13:05:34', NULL, 'ISTIRAHAT'),
	(39, 'agent1', '2014-10-29 07:10:56', '2014-10-29 07:11:34', 'Pilih reason..'),
	(40, 'agent1', '2014-10-29 07:11:39', '2014-10-29 08:06:40', 'ISTIRAHAT'),
	(41, 'agent1', '2014-10-29 08:06:45', '2014-10-29 08:08:29', 'TOILET'),
	(42, 'agent1', '2014-10-29 08:09:54', NULL, 'ISTIRAHAT'),
	(43, 'spv1', '2014-10-29 08:10:35', '2014-10-29 08:10:37', 'LUNCH'),
	(44, 'agent1', '2014-10-29 08:23:38', '2014-10-29 08:24:18', 'NO_REASON'),
	(45, 'agent1', '2014-10-29 10:06:14', '2014-10-29 14:36:06', 'ISTIRAHAT'),
	(46, 'agent2', '2014-10-29 12:28:39', NULL, 'ISTIRAHAT'),
	(47, 'agent2', '2014-10-29 12:29:56', '2014-10-29 12:29:59', 'ISTIRAHAT'),
	(48, 'agent2', '2014-10-29 12:30:01', '2014-10-29 12:30:04', 'LUNCH'),
	(49, 'agent2', '2014-10-29 13:16:16', NULL, 'ISTIRAHAT'),
	(50, 'agent1', '2014-10-29 14:50:46', '2014-10-30 05:32:39', 'ISTIRAHAT'),
	(51, 'agent1', '2014-10-30 09:11:27', '2014-11-10 09:08:07', 'ISTIRAHAT'),
	(52, 'agent1', '2014-11-10 09:08:14', '2014-11-10 09:08:21', 'ISTIRAHAT'),
	(53, 'agent1', '2014-11-10 09:08:29', '2014-11-10 09:11:15', 'NO_REASON'),
	(54, 'agent1', '2014-11-10 09:11:18', '2014-11-10 09:17:44', 'ISTIRAHAT'),
	(55, 'agent1', '2014-11-10 09:19:17', '2014-11-10 12:47:33', 'ISTIRAHAT'),
	(56, 'agent2', '2014-11-10 12:47:13', '2014-11-10 12:58:29', 'ISTIRAHAT'),
	(57, 'spv1', '2014-11-10 12:56:33', NULL, 'ISTIRAHAT'),
	(58, 'manager1', '2014-11-10 12:58:24', NULL, 'ISTIRAHAT');
/*!40000 ALTER TABLE `user_pause_log` ENABLE KEYS */;


-- Dumping structure for table centini.user_session_log
CREATE TABLE IF NOT EXISTS `user_session_log` (
  `id` int(10) unsigned NOT NULL AUTO_INCREMENT,
  `username` char(16) DEFAULT NULL,
  `start` datetime NOT NULL,
  `finish` datetime DEFAULT NULL,
  PRIMARY KEY (`id`),
  KEY `user_session_log_fk1` (`username`),
  CONSTRAINT `user_session_log_fk1` FOREIGN KEY (`username`) REFERENCES `users` (`username`) ON DELETE SET NULL ON UPDATE CASCADE
) ENGINE=InnoDB AUTO_INCREMENT=691 DEFAULT CHARSET=utf8;

-- Dumping data for table centini.user_session_log: ~598 rows (approximately)
/*!40000 ALTER TABLE `user_session_log` DISABLE KEYS */;
INSERT INTO `user_session_log` (`id`, `username`, `start`, `finish`) VALUES
	(1, 'agent1', '2014-10-14 12:52:21', NULL),
	(2, 'agent1', '2014-10-14 12:56:23', NULL),
	(3, 'agent1', '2014-10-14 12:58:16', NULL),
	(4, 'agent1', '2014-10-14 12:59:22', NULL),
	(5, 'agent1', '2014-10-14 13:00:52', NULL),
	(6, 'agent1', '2014-10-14 13:02:21', NULL),
	(7, 'agent1', '2014-10-14 13:05:18', NULL),
	(8, 'agent1', '2014-10-14 13:05:54', NULL),
	(9, 'agent1', '2014-10-14 13:06:35', NULL),
	(10, 'agent1', '2014-10-14 13:09:34', NULL),
	(11, 'agent1', '2014-10-14 13:13:52', NULL),
	(12, 'agent1', '2014-10-14 13:15:48', NULL),
	(13, 'spv1', '2014-10-14 13:22:54', '2014-10-14 13:24:23'),
	(14, 'agent1', '2014-10-14 13:23:09', '2014-10-14 13:23:44'),
	(15, 'agent1', '2014-10-14 14:22:31', '2014-10-14 14:22:45'),
	(16, 'agent1', '2014-10-14 15:02:55', NULL),
	(17, 'spv1', '2014-10-14 15:03:38', NULL),
	(18, 'agent1', '2014-10-14 15:06:40', '2014-10-14 15:10:58'),
	(19, 'spv1', '2014-10-14 15:07:35', '2014-10-14 15:11:11'),
	(20, 'spv1', '2014-10-14 15:11:42', '2014-10-14 15:16:59'),
	(21, 'agent1', '2014-10-14 15:12:11', '2014-10-14 15:16:43'),
	(22, 'agent1', '2014-10-14 15:19:07', NULL),
	(23, 'agent1', '2014-10-14 15:26:45', NULL),
	(24, 'agent1', '2014-10-14 15:32:11', NULL),
	(25, 'agent1', '2014-10-15 10:01:12', '2014-10-15 10:01:17'),
	(26, 'agent1', '2014-10-15 10:01:19', '2014-10-15 10:03:10'),
	(27, 'agent1', '2014-10-15 10:09:28', '2014-10-15 10:16:07'),
	(28, 'agent1', '2014-10-15 11:40:16', '2014-10-15 11:40:53'),
	(29, 'agent1', '2014-10-15 11:40:56', '2014-10-15 11:42:05'),
	(30, 'agent1', '2014-10-15 11:44:23', '2014-10-15 11:44:45'),
	(31, 'agent1', '2014-10-15 11:45:39', '2014-10-15 11:46:33'),
	(32, 'agent1', '2014-10-15 11:48:10', '2014-10-15 11:48:26'),
	(33, 'agent1', '2014-10-15 11:56:04', '2014-10-15 11:57:23'),
	(34, 'agent1', '2014-10-15 11:58:52', NULL),
	(35, 'agent1', '2014-10-15 12:00:21', NULL),
	(36, 'agent1', '2014-10-15 12:02:43', NULL),
	(37, 'agent1', '2014-10-15 12:02:43', '2014-10-15 12:02:51'),
	(38, 'agent1', '2014-10-15 12:02:54', NULL),
	(39, 'agent1', '2014-10-15 12:04:50', NULL),
	(40, 'agent1', '2014-10-15 12:09:16', NULL),
	(41, 'agent1', '2014-10-15 12:11:07', '2014-10-15 12:12:38'),
	(42, 'agent1', '2014-10-15 12:14:04', '2014-10-15 12:26:51'),
	(43, 'agent1', '2014-10-15 12:27:35', '2014-10-15 12:31:20'),
	(44, 'agent1', '2014-10-15 12:31:30', '2014-10-15 12:54:15'),
	(45, 'agent1', '2014-10-15 12:56:39', '2014-10-15 12:57:34'),
	(46, 'agent1', '2014-10-15 13:04:26', '2014-10-15 14:01:32'),
	(47, 'agent1', '2014-10-15 14:12:52', '2014-10-15 14:13:09'),
	(48, 'agent1', '2014-10-15 14:37:20', '2014-10-15 14:37:32'),
	(49, 'agent1', '2014-10-15 14:37:57', NULL),
	(50, 'agent1', '2014-10-16 10:00:24', '2014-10-16 11:37:20'),
	(51, 'agent1', '2014-10-16 12:07:42', '2014-10-16 12:07:45'),
	(52, 'spv1', '2014-10-16 12:08:30', NULL),
	(53, 'agent1', '2014-10-16 12:08:43', '2014-10-16 12:08:53'),
	(54, 'spv1', '2014-10-16 12:11:33', '2014-10-16 12:16:02'),
	(55, 'agent1', '2014-10-16 12:11:58', '2014-10-16 12:12:12'),
	(56, 'agent2', '2014-10-16 12:12:20', '2014-10-16 12:16:06'),
	(57, 'manager1', '2014-10-16 12:13:34', '2014-10-16 12:15:59'),
	(58, 'agent1', '2014-10-16 12:15:04', '2014-10-16 12:15:54'),
	(59, 'spv1', '2014-10-16 12:17:09', NULL),
	(60, 'agent1', '2014-10-16 12:19:28', '2014-10-16 12:19:35'),
	(61, 'manager1', '2014-10-16 12:19:58', NULL),
	(62, 'agent1', '2014-10-16 12:20:23', NULL),
	(63, 'agent1', '2014-10-16 12:25:44', '2014-10-16 12:26:41'),
	(64, 'agent1', '2014-10-16 12:26:16', NULL),
	(65, 'agent1', '2014-10-16 12:27:13', NULL),
	(66, 'agent1', '2014-10-16 12:37:04', NULL),
	(67, 'agent2', '2014-10-16 12:37:41', '2014-10-16 12:40:45'),
	(68, 'spv1', '2014-10-16 12:38:00', '2014-10-16 12:40:31'),
	(69, 'manager1', '2014-10-16 12:38:14', '2014-10-16 12:40:07'),
	(70, 'spv1', '2014-10-16 12:44:06', '2014-10-16 12:44:20'),
	(71, 'manager1', '2014-10-16 12:44:36', NULL),
	(72, 'spv1', '2014-10-16 12:44:50', NULL),
	(73, 'agent1', '2014-10-16 12:45:07', NULL),
	(74, 'agent2', '2014-10-16 12:45:26', NULL),
	(75, 'manager1', '2014-10-16 13:55:49', NULL),
	(76, 'spv1', '2014-10-16 13:56:04', NULL),
	(77, 'manager1', '2014-10-16 14:01:54', '2014-10-16 14:03:39'),
	(78, 'spv1', '2014-10-16 14:02:07', '2014-10-16 14:36:31'),
	(79, 'agent1', '2014-10-16 14:02:32', '2014-10-16 14:21:37'),
	(80, 'agent2', '2014-10-16 14:02:47', '2014-10-16 14:21:22'),
	(81, 'manager1', '2014-10-16 14:04:01', '2014-10-16 14:36:42'),
	(82, 'agent1', '2014-10-18 13:41:17', '2014-10-18 14:22:43'),
	(83, 'agent1', '2014-10-18 14:22:47', NULL),
	(84, 'agent1', '2014-10-18 21:44:44', '2014-10-18 21:48:35'),
	(85, 'agent1', '2014-10-18 21:48:36', '2014-10-18 21:50:48'),
	(86, 'agent1', '2014-10-18 21:50:48', '2014-10-18 21:51:27'),
	(87, 'agent1', '2014-10-18 21:51:28', '2014-10-18 21:53:25'),
	(88, 'agent1', '2014-10-18 21:53:25', '2014-10-18 22:05:24'),
	(89, 'agent1', '2014-10-18 22:06:21', '2014-10-18 22:07:38'),
	(90, 'agent1', '2014-10-18 22:08:10', '2014-10-18 23:00:05'),
	(91, 'agent1', '2014-10-18 23:06:52', '2014-10-18 23:07:45'),
	(92, 'agent1', '2014-10-18 23:07:51', '2014-10-18 23:07:58'),
	(93, 'agent1', '2014-10-19 09:43:20', '2014-10-19 12:18:56'),
	(94, 'agent1', '2014-10-19 12:45:37', '2014-10-19 12:47:26'),
	(95, 'agent1', '2014-10-19 12:47:39', '2014-10-19 12:48:50'),
	(96, 'agent1', '2014-10-19 12:48:58', '2014-10-19 12:49:37'),
	(97, 'agent1', '2014-10-19 12:49:47', '2014-10-19 12:50:22'),
	(98, 'agent1', '2014-10-19 12:50:27', '2014-10-19 12:51:48'),
	(99, 'agent1', '2014-10-19 12:51:54', '2014-10-19 12:51:57'),
	(100, 'agent1', '2014-10-19 12:53:43', '2014-10-19 12:53:47'),
	(101, 'agent1', '2014-10-19 12:54:04', '2014-10-19 13:06:01'),
	(102, 'agent1', '2014-10-19 13:06:20', '2014-10-19 13:09:45'),
	(103, 'agent1', '2014-10-19 13:10:39', '2014-10-19 13:14:41'),
	(104, 'agent1', '2014-10-19 13:14:44', '2014-10-19 13:20:50'),
	(105, 'agent1', '2014-10-19 13:21:00', '2014-10-19 13:21:50'),
	(106, 'agent1', '2014-10-19 13:22:43', '2014-10-19 13:22:52'),
	(107, 'agent1', '2014-10-19 13:23:20', '2014-10-19 13:24:42'),
	(108, 'agent1', '2014-10-19 13:25:00', '2014-10-19 13:25:06'),
	(109, 'agent1', '2014-10-19 16:00:02', '2014-10-19 16:00:12'),
	(110, 'agent1', '2014-10-19 17:53:15', '2014-10-19 19:57:16'),
	(111, 'agent1', '2014-10-19 21:26:09', '2014-10-19 21:26:13'),
	(112, 'agent1', '2014-10-20 07:28:40', '2014-10-20 07:28:44'),
	(113, 'agent1', '2014-10-20 08:12:22', '2014-10-20 08:13:33'),
	(114, 'agent1', '2014-10-20 08:13:38', '2014-10-20 08:16:27'),
	(115, 'agent1', '2014-10-20 08:16:39', '2014-10-20 08:17:47'),
	(116, 'agent1', '2014-10-20 08:17:52', '2014-10-20 08:18:28'),
	(117, 'agent1', '2014-10-20 08:18:38', '2014-10-20 08:21:22'),
	(118, 'agent1', '2014-10-20 08:21:30', '2014-10-20 08:21:51'),
	(119, 'agent1', '2014-10-20 08:21:58', '2014-10-20 08:26:39'),
	(120, 'agent1', '2014-10-20 08:31:58', '2014-10-20 08:33:53'),
	(121, 'agent1', '2014-10-20 08:34:00', '2014-10-20 08:34:38'),
	(122, 'agent1', '2014-10-20 08:34:52', '2014-10-20 08:36:37'),
	(123, 'agent1', '2014-10-20 08:36:43', '2014-10-20 08:36:52'),
	(124, 'agent1', '2014-10-20 08:36:59', '2014-10-20 08:37:16'),
	(125, 'agent1', '2014-10-20 08:37:23', '2014-10-20 08:37:43'),
	(126, 'agent1', '2014-10-20 08:37:49', '2014-10-20 09:05:29'),
	(127, 'agent1', '2014-10-20 09:05:38', '2014-10-20 09:06:51'),
	(128, 'agent1', '2014-10-20 09:07:13', '2014-10-20 09:13:17'),
	(129, 'agent1', '2014-10-20 09:13:36', '2014-10-20 09:13:52'),
	(130, 'agent1', '2014-10-20 09:13:57', '2014-10-20 09:15:46'),
	(131, 'agent1', '2014-10-20 09:16:13', '2014-10-20 09:17:22'),
	(132, 'agent1', '2014-10-20 09:17:30', '2014-10-20 09:18:44'),
	(133, 'agent1', '2014-10-20 09:19:58', NULL),
	(134, 'agent1', '2014-10-20 09:34:33', '2014-10-20 09:34:59'),
	(135, 'admin', '2014-10-20 09:37:01', '2014-10-20 09:37:33'),
	(136, 'agent1', '2014-10-20 09:37:38', '2014-10-20 09:44:55'),
	(137, 'agent1', '2014-10-20 09:45:03', '2014-10-20 10:04:03'),
	(138, 'agent1', '2014-10-20 10:04:57', '2014-10-20 10:05:16'),
	(139, 'agent1', '2014-10-20 10:06:16', '2014-10-20 10:10:57'),
	(140, 'agent1', '2014-10-20 10:11:07', '2014-10-20 10:12:41'),
	(141, 'agent1', '2014-10-20 10:12:47', '2014-10-20 10:15:25'),
	(142, 'agent1', '2014-10-20 10:15:30', '2014-10-20 10:17:42'),
	(143, 'agent1', '2014-10-20 10:17:47', '2014-10-20 10:18:06'),
	(144, 'agent1', '2014-10-20 10:18:11', '2014-10-20 10:20:54'),
	(145, 'agent1', '2014-10-20 10:21:00', '2014-10-20 10:22:29'),
	(146, 'agent1', '2014-10-20 10:22:36', '2014-10-20 10:24:42'),
	(147, 'agent1', '2014-10-20 10:24:49', '2014-10-20 10:26:15'),
	(148, 'agent1', '2014-10-20 10:26:20', '2014-10-20 10:52:44'),
	(149, 'agent1', '2014-10-20 10:52:51', '2014-10-20 10:53:12'),
	(150, 'agent1', '2014-10-20 10:53:43', '2014-10-20 10:57:12'),
	(151, 'agent1', '2014-10-20 10:57:18', '2014-10-20 10:59:27'),
	(152, 'agent1', '2014-10-20 10:59:34', NULL),
	(153, 'agent1', '2014-10-20 11:03:32', '2014-10-20 11:14:00'),
	(154, 'agent1', '2014-10-20 11:14:06', '2014-10-20 11:15:46'),
	(155, 'agent1', '2014-10-20 11:17:05', '2014-10-20 11:18:20'),
	(156, 'agent1', '2014-10-20 11:18:29', '2014-10-20 11:23:18'),
	(157, 'agent1', '2014-10-20 11:23:25', '2014-10-20 12:02:50'),
	(158, 'agent1', '2014-10-20 12:02:59', '2014-10-20 12:03:31'),
	(159, 'agent1', '2014-10-20 12:03:55', '2014-10-20 12:05:10'),
	(160, 'agent1', '2014-10-20 12:05:15', '2014-10-20 12:05:39'),
	(161, 'agent1', '2014-10-20 12:05:47', '2014-10-20 12:12:32'),
	(162, 'agent1', '2014-10-20 12:12:46', '2014-10-20 12:13:29'),
	(163, 'agent1', '2014-10-20 12:13:33', '2014-10-20 12:16:54'),
	(164, 'agent1', '2014-10-20 12:16:58', '2014-10-20 12:17:03'),
	(165, 'agent1', '2014-10-20 12:17:10', '2014-10-20 12:19:03'),
	(166, 'agent1', '2014-10-20 12:21:03', NULL),
	(167, 'agent1', '2014-10-20 12:22:21', '2014-10-20 12:22:36'),
	(168, 'agent1', '2014-10-20 12:25:21', NULL),
	(169, 'admin', '2014-10-20 12:31:48', '2014-10-20 12:31:52'),
	(170, 'agent1', '2014-10-20 12:32:20', '2014-10-20 12:32:33'),
	(171, 'agent1', '2014-10-20 12:32:37', '2014-10-20 12:32:40'),
	(172, 'admin', '2014-10-20 12:32:44', '2014-10-20 12:33:10'),
	(173, 'admin', '2014-10-20 12:33:18', '2014-10-20 12:34:42'),
	(174, 'agent1', '2014-10-20 12:35:00', '2014-10-20 12:36:03'),
	(175, 'admin', '2014-10-20 12:36:08', '2014-10-20 14:43:14'),
	(176, 'admin', '2014-10-20 14:43:19', '2014-10-20 14:43:43'),
	(177, 'admin', '2014-10-20 14:43:47', '2014-10-20 14:44:34'),
	(178, 'admin', '2014-10-20 14:44:38', '2014-10-20 14:45:14'),
	(179, 'admin', '2014-10-20 14:45:16', '2014-10-20 14:45:30'),
	(180, 'admin', '2014-10-20 14:45:34', '2014-10-20 14:45:58'),
	(181, 'admin', '2014-10-20 14:46:02', '2014-10-20 14:48:02'),
	(182, 'admin', '2014-10-20 14:48:11', '2014-10-20 14:50:42'),
	(183, 'admin', '2014-10-20 14:50:46', '2014-10-20 14:51:50'),
	(184, 'admin', '2014-10-20 14:51:54', '2014-10-20 15:00:45'),
	(185, 'admin', '2014-10-20 15:00:48', '2014-10-20 15:01:13'),
	(186, 'admin', '2014-10-20 15:01:16', '2014-10-20 15:03:05'),
	(187, 'admin', '2014-10-20 15:03:08', '2014-10-20 15:03:51'),
	(188, 'admin', '2014-10-20 15:03:54', '2014-10-20 15:04:20'),
	(189, 'admin', '2014-10-20 15:04:23', '2014-10-20 15:24:27'),
	(190, 'admin', '2014-10-20 15:24:32', '2014-10-20 15:26:46'),
	(191, 'admin', '2014-10-20 15:26:50', '2014-10-20 15:30:39'),
	(192, 'admin', '2014-10-20 15:30:44', '2014-10-20 15:30:58'),
	(193, 'admin', '2014-10-20 15:31:01', '2014-10-20 15:35:00'),
	(194, 'admin', '2014-10-20 15:35:06', '2014-10-20 15:37:38'),
	(195, 'admin', '2014-10-20 15:37:45', '2014-10-20 15:40:09'),
	(196, 'admin', '2014-10-20 15:40:13', '2014-10-20 15:41:02'),
	(197, 'admin', '2014-10-20 15:41:05', '2014-10-20 15:41:34'),
	(198, 'admin', '2014-10-20 15:41:37', '2014-10-20 15:42:48'),
	(199, 'admin', '2014-10-20 15:42:51', '2014-10-20 15:43:39'),
	(200, 'admin', '2014-10-20 15:43:42', '2014-10-20 15:44:56'),
	(201, 'admin', '2014-10-20 15:45:01', '2014-10-20 15:45:35'),
	(202, 'admin', '2014-10-20 15:45:38', '2014-10-20 15:49:40'),
	(203, 'admin', '2014-10-20 15:49:47', '2014-10-20 15:50:05'),
	(204, 'admin', '2014-10-20 15:50:10', '2014-10-20 15:51:42'),
	(205, 'admin', '2014-10-20 15:54:11', '2014-10-20 15:54:16'),
	(206, 'agent1', '2014-10-20 15:54:24', '2014-10-21 05:20:55'),
	(207, 'admin', '2014-10-21 06:05:15', '2014-10-21 06:06:15'),
	(208, 'admin', '2014-10-21 06:06:18', '2014-10-21 06:06:43'),
	(209, 'admin', '2014-10-21 06:06:47', '2014-10-21 06:11:00'),
	(210, 'admin', '2014-10-21 06:11:04', '2014-10-21 06:11:23'),
	(211, 'admin', '2014-10-21 06:11:26', '2014-10-21 06:12:16'),
	(212, 'admin', '2014-10-21 06:12:19', '2014-10-21 06:12:55'),
	(213, 'admin', '2014-10-21 06:13:00', '2014-10-21 07:16:14'),
	(214, 'admin', '2014-10-21 07:16:24', '2014-10-21 07:17:47'),
	(215, 'admin', '2014-10-21 07:17:55', '2014-10-21 07:20:41'),
	(216, 'admin', '2014-10-21 07:20:44', '2014-10-21 07:24:30'),
	(217, 'admin', '2014-10-21 07:24:34', '2014-10-21 07:26:07'),
	(218, 'admin', '2014-10-21 07:26:10', '2014-10-21 07:26:21'),
	(219, 'admin', '2014-10-21 07:26:24', '2014-10-21 07:26:55'),
	(220, 'admin', '2014-10-21 07:26:58', '2014-10-21 07:28:33'),
	(221, 'admin', '2014-10-21 07:28:36', '2014-10-21 07:30:03'),
	(222, 'admin', '2014-10-21 07:30:08', '2014-10-21 07:31:41'),
	(223, 'admin', '2014-10-21 07:31:46', '2014-10-21 08:11:26'),
	(224, 'admin', '2014-10-21 08:13:20', '2014-10-21 08:15:56'),
	(225, 'admin', '2014-10-21 08:15:59', '2014-10-21 08:16:29'),
	(226, 'admin', '2014-10-21 08:16:33', '2014-10-21 08:17:21'),
	(227, 'admin', '2014-10-21 08:17:30', '2014-10-21 08:18:54'),
	(228, 'admin', '2014-10-21 08:18:57', '2014-10-21 08:20:41'),
	(229, 'admin', '2014-10-21 08:20:47', '2014-10-21 08:24:22'),
	(230, 'admin', '2014-10-21 08:24:26', '2014-10-21 08:24:46'),
	(231, 'admin', '2014-10-21 08:24:49', '2014-10-21 08:26:09'),
	(232, 'admin', '2014-10-21 08:26:14', '2014-10-21 08:28:21'),
	(233, 'admin', '2014-10-21 08:28:25', '2014-10-21 08:29:07'),
	(234, 'admin', '2014-10-21 08:29:12', '2014-10-21 08:29:43'),
	(235, 'admin', '2014-10-21 08:29:47', '2014-10-21 08:31:58'),
	(236, 'admin', '2014-10-21 08:32:01', '2014-10-21 08:34:45'),
	(237, 'admin', '2014-10-21 08:34:49', '2014-10-21 08:36:35'),
	(238, 'admin', '2014-10-21 08:36:39', '2014-10-21 08:37:08'),
	(239, 'admin', '2014-10-21 08:37:12', '2014-10-21 08:37:38'),
	(240, 'admin', '2014-10-21 08:37:41', '2014-10-21 08:37:45'),
	(241, 'admin', '2014-10-21 08:37:50', '2014-10-21 08:38:34'),
	(242, 'admin', '2014-10-21 08:38:43', '2014-10-21 08:42:24'),
	(243, 'admin', '2014-10-21 08:42:27', '2014-10-21 08:44:39'),
	(244, 'admin', '2014-10-21 08:44:42', '2014-10-21 08:46:25'),
	(245, 'admin', '2014-10-21 08:46:30', '2014-10-21 08:47:07'),
	(246, 'admin', '2014-10-21 08:47:10', '2014-10-21 08:47:24'),
	(247, 'admin', '2014-10-21 08:47:28', '2014-10-21 08:48:42'),
	(248, 'admin', '2014-10-21 08:48:45', '2014-10-21 08:49:21'),
	(249, 'agent1', '2014-10-21 08:49:28', '2014-10-21 08:49:40'),
	(250, 'agent1', '2014-10-21 08:49:46', '2014-10-21 08:49:55'),
	(251, 'admin', '2014-10-21 08:49:58', '2014-10-21 08:54:46'),
	(252, 'admin', '2014-10-21 08:54:54', '2014-10-21 08:55:28'),
	(253, 'admin', '2014-10-21 08:55:33', '2014-10-21 08:57:02'),
	(254, 'admin', '2014-10-21 08:57:07', '2014-10-21 09:10:23'),
	(255, 'admin', '2014-10-21 09:10:27', '2014-10-21 09:12:59'),
	(256, 'admin', '2014-10-21 09:13:02', '2014-10-21 09:13:31'),
	(257, 'admin', '2014-10-21 09:13:47', '2014-10-21 09:15:00'),
	(258, 'admin', '2014-10-21 09:15:04', '2014-10-21 10:05:13'),
	(259, 'agent1', '2014-10-21 10:05:17', '2014-10-21 10:12:11'),
	(260, 'agent1', '2014-10-21 10:12:15', '2014-10-21 10:13:41'),
	(261, 'admin', '2014-10-21 10:13:44', '2014-10-21 10:24:01'),
	(262, 'agent1', '2014-10-21 10:24:09', '2014-10-21 10:25:14'),
	(263, 'admin', '2014-10-21 10:25:22', '2014-10-21 10:25:25'),
	(264, 'agent1', '2014-10-21 10:25:28', '2014-10-21 10:26:24'),
	(265, 'agent1', '2014-10-21 10:26:29', '2014-10-21 10:27:23'),
	(266, 'agent1', '2014-10-21 10:27:27', '2014-10-21 10:29:38'),
	(267, 'spv1', '2014-10-21 10:29:49', '2014-10-21 10:31:21'),
	(268, 'agent1', '2014-10-21 10:31:25', '2014-10-21 10:32:22'),
	(269, 'agent1', '2014-10-21 10:32:28', '2014-10-21 10:32:42'),
	(270, 'agent1', '2014-10-21 10:32:46', '2014-10-21 10:33:13'),
	(271, 'agent1', '2014-10-21 10:33:17', '2014-10-21 10:33:24'),
	(272, 'agent1', '2014-10-21 10:33:28', '2014-10-21 10:35:16'),
	(273, 'agent1', '2014-10-21 10:35:19', '2014-10-21 10:43:40'),
	(274, 'agent1', '2014-10-21 10:44:33', '2014-10-21 10:46:00'),
	(275, 'agent1', '2014-10-21 10:46:28', '2014-10-21 10:46:45'),
	(276, 'agent1', '2014-10-21 10:46:56', '2014-10-21 10:49:48'),
	(277, 'agent1', '2014-10-21 10:49:53', '2014-10-21 10:51:36'),
	(278, 'agent1', '2014-10-21 10:51:39', '2014-10-21 10:55:27'),
	(279, 'agent1', '2014-10-21 10:55:31', '2014-10-21 10:55:44'),
	(280, 'agent1', '2014-10-21 10:55:48', '2014-10-21 10:56:16'),
	(281, 'agent1', '2014-10-21 10:56:19', '2014-10-21 11:04:10'),
	(282, 'agent1', '2014-10-21 11:04:14', NULL),
	(283, 'agent1', '2014-10-21 13:18:28', '2014-10-21 13:22:11'),
	(284, 'admin', '2014-10-21 13:22:16', '2014-10-21 13:23:26'),
	(285, 'manager1', '2014-10-21 13:23:33', '2014-10-21 13:23:41'),
	(286, 'agent1', '2014-10-21 13:23:45', '2014-10-21 13:27:04'),
	(287, 'agent1', '2014-10-21 13:32:21', '2014-10-21 13:32:58'),
	(288, 'agent1', '2014-10-21 13:33:01', '2014-10-21 13:33:24'),
	(289, 'agent1', '2014-10-21 13:33:33', '2014-10-21 13:34:27'),
	(290, 'agent1', '2014-10-21 13:34:31', '2014-10-21 13:36:56'),
	(291, 'agent1', '2014-10-21 13:37:00', '2014-10-21 13:37:06'),
	(292, 'agent1', '2014-10-21 13:37:11', '2014-10-21 13:41:55'),
	(293, 'agent1', '2014-10-21 13:42:00', '2014-10-21 13:42:24'),
	(294, 'agent1', '2014-10-21 13:42:27', '2014-10-21 13:45:11'),
	(295, 'agent1', '2014-10-21 13:45:15', '2014-10-21 13:45:29'),
	(296, 'agent1', '2014-10-21 13:45:35', '2014-10-21 13:46:42'),
	(297, 'agent1', '2014-10-21 13:46:45', '2014-10-21 13:49:45'),
	(298, 'agent1', '2014-10-21 13:49:49', '2014-10-21 13:53:31'),
	(299, 'agent1', '2014-10-21 13:53:35', '2014-10-21 13:55:40'),
	(300, 'agent1', '2014-10-21 13:55:44', '2014-10-21 13:55:58'),
	(301, 'agent1', '2014-10-21 13:56:01', '2014-10-21 13:57:17'),
	(302, 'agent1', '2014-10-21 13:57:41', '2014-10-21 14:00:09'),
	(303, 'agent1', '2014-10-21 14:00:13', '2014-10-21 14:01:20'),
	(304, 'agent1', '2014-10-21 14:01:24', '2014-10-21 14:04:51'),
	(305, 'agent1', '2014-10-21 14:04:56', '2014-10-21 14:11:00'),
	(306, 'agent1', '2014-10-21 14:11:05', '2014-10-21 14:12:17'),
	(307, 'agent1', '2014-10-21 14:12:21', '2014-10-21 14:13:07'),
	(308, 'agent1', '2014-10-21 14:13:11', '2014-10-21 14:20:19'),
	(309, 'agent1', '2014-10-21 14:20:23', '2014-10-21 14:20:37'),
	(310, 'agent1', '2014-10-21 14:21:12', '2014-10-21 14:25:18'),
	(311, 'agent1', '2014-10-21 14:25:25', '2014-10-21 14:48:18'),
	(312, 'agent1', '2014-10-21 14:50:05', '2014-10-21 14:50:11'),
	(313, 'agent1', '2014-10-21 14:51:01', '2014-10-21 14:51:04'),
	(314, 'admin', '2014-10-21 14:51:07', '2014-10-21 14:51:16'),
	(315, 'agent1', '2014-10-21 14:51:21', '2014-10-21 14:52:51'),
	(316, 'agent1', '2014-10-21 14:52:56', '2014-10-21 14:53:25'),
	(317, 'spv1', '2014-10-21 14:53:37', '2014-10-21 14:54:52'),
	(318, 'agent1', '2014-10-21 14:54:57', '2014-10-21 14:55:19'),
	(319, 'agent2', '2014-10-21 14:55:26', '2014-10-22 05:22:22'),
	(320, 'agent1', '2014-10-22 05:22:35', '2014-10-22 05:25:03'),
	(321, 'agent1', '2014-10-22 05:25:09', '2014-10-22 05:52:29'),
	(322, 'agent1', '2014-10-22 05:52:33', '2014-10-22 05:55:06'),
	(323, 'agent1', '2014-10-22 05:55:10', '2014-10-22 05:55:57'),
	(324, 'agent1', '2014-10-22 05:56:34', '2014-10-22 06:07:01'),
	(325, 'agent1', '2014-10-22 06:07:09', '2014-10-22 06:18:21'),
	(326, 'agent1', '2014-10-22 06:18:26', '2014-10-22 06:20:36'),
	(327, 'agent1', '2014-10-22 06:20:39', '2014-10-22 07:13:56'),
	(328, 'agent1', '2014-10-22 07:14:00', '2014-10-22 07:19:16'),
	(329, 'agent1', '2014-10-22 07:19:22', '2014-10-22 07:20:16'),
	(330, 'agent1', '2014-10-22 07:20:21', '2014-10-22 07:20:41'),
	(331, 'agent1', '2014-10-22 07:20:44', '2014-10-22 07:22:07'),
	(332, 'agent1', '2014-10-22 07:22:11', '2014-10-22 07:36:24'),
	(333, 'agent1', '2014-10-22 07:36:29', '2014-10-22 07:37:47'),
	(334, 'agent1', '2014-10-22 07:37:52', '2014-10-22 07:38:12'),
	(335, 'agent1', '2014-10-22 07:38:15', '2014-10-22 07:38:55'),
	(336, 'agent1', '2014-10-22 07:39:02', '2014-10-22 07:39:54'),
	(337, 'agent1', '2014-10-22 07:40:16', '2014-10-22 07:43:17'),
	(338, 'agent1', '2014-10-22 07:43:22', '2014-10-22 07:50:14'),
	(339, 'agent1', '2014-10-22 07:50:22', '2014-10-22 07:50:41'),
	(340, 'agent1', '2014-10-22 07:50:46', '2014-10-22 07:52:43'),
	(341, 'agent1', '2014-10-22 07:52:47', '2014-10-22 07:53:52'),
	(342, 'agent1', '2014-10-22 07:53:55', '2014-10-22 07:54:34'),
	(343, 'agent1', '2014-10-22 07:54:37', '2014-10-22 07:54:42'),
	(344, 'agent1', '2014-10-22 07:54:47', '2014-10-22 07:59:37'),
	(345, 'agent1', '2014-10-22 07:59:43', '2014-10-22 08:00:43'),
	(346, 'agent1', '2014-10-22 08:00:48', '2014-10-22 08:01:36'),
	(347, 'agent1', '2014-10-22 08:01:42', '2014-10-22 08:07:49'),
	(348, 'agent1', '2014-10-22 08:07:57', '2014-10-22 08:10:19'),
	(349, 'agent1', '2014-10-22 08:10:26', '2014-10-22 08:19:10'),
	(350, 'agent1', '2014-10-22 08:19:15', '2014-10-22 08:21:35'),
	(351, 'agent1', '2014-10-22 08:21:42', '2014-10-22 08:27:29'),
	(352, 'agent1', '2014-10-22 08:27:33', '2014-10-22 08:27:45'),
	(353, 'agent1', '2014-10-22 08:27:51', '2014-10-22 08:31:05'),
	(354, 'agent1', '2014-10-22 08:31:11', '2014-10-22 08:33:06'),
	(355, 'agent1', '2014-10-22 08:33:10', '2014-10-22 08:34:00'),
	(356, 'agent1', '2014-10-22 08:34:06', '2014-10-22 08:34:48'),
	(357, 'agent1', '2014-10-22 08:34:52', '2014-10-22 08:35:12'),
	(358, 'agent1', '2014-10-22 08:35:16', '2014-10-22 08:36:08'),
	(359, 'agent1', '2014-10-22 08:36:11', '2014-10-22 08:40:34'),
	(360, 'agent1', '2014-10-22 08:40:38', '2014-10-22 08:40:41'),
	(361, 'agent1', '2014-10-22 08:40:46', '2014-10-22 08:41:50'),
	(362, 'agent1', '2014-10-22 08:41:53', '2014-10-22 08:41:56'),
	(363, 'agent1', '2014-10-22 08:42:00', '2014-10-22 08:42:18'),
	(364, 'agent1', '2014-10-22 08:42:24', '2014-10-22 08:43:04'),
	(365, 'agent1', '2014-10-22 08:44:01', '2014-10-22 08:45:08'),
	(366, 'agent1', '2014-10-22 08:45:14', '2014-10-22 08:46:46'),
	(367, 'agent1', '2014-10-22 08:46:50', '2014-10-22 08:48:02'),
	(368, 'agent1', '2014-10-22 08:48:06', '2014-10-22 09:01:04'),
	(369, 'agent1', '2014-10-22 09:01:12', '2014-10-22 09:14:12'),
	(370, 'agent1', '2014-10-22 09:14:18', '2014-10-22 09:14:40'),
	(371, 'admin', '2014-10-22 09:14:44', '2014-10-22 09:15:45'),
	(372, 'admin', '2014-10-22 09:15:50', '2014-10-22 09:16:11'),
	(373, 'agent1', '2014-10-22 09:16:15', '2014-10-22 09:17:07'),
	(374, 'agent1', '2014-10-22 09:17:11', '2014-10-22 09:17:18'),
	(375, 'agent1', '2014-10-22 09:17:24', '2014-10-22 09:22:14'),
	(376, 'agent1', '2014-10-22 09:22:19', '2014-10-22 09:28:38'),
	(377, 'agent1', '2014-10-22 09:28:43', '2014-10-22 09:35:19'),
	(378, 'agent1', '2014-10-22 09:35:24', '2014-10-22 09:35:53'),
	(379, 'agent1', '2014-10-22 09:35:58', '2014-10-22 10:39:01'),
	(380, 'agent1', '2014-10-22 10:39:16', '2014-10-22 10:39:26'),
	(381, 'admin', '2014-10-22 10:39:29', '2014-10-22 10:39:42'),
	(382, 'spv1', '2014-10-22 10:40:09', '2014-10-22 10:50:32'),
	(383, 'admin', '2014-10-22 10:50:40', '2014-10-22 10:50:59'),
	(384, 'agent1', '2014-10-22 10:51:03', '2014-10-22 10:54:25'),
	(385, 'admin', '2014-10-22 11:13:34', '2014-10-22 11:13:37'),
	(386, 'agent1', '2014-10-22 11:13:40', '2014-10-22 11:13:45'),
	(387, 'agent2', '2014-10-22 11:13:51', '2014-10-22 11:22:28'),
	(388, 'agent1', '2014-10-22 11:22:36', '2014-10-22 11:23:04'),
	(389, 'agent1', '2014-10-22 11:23:11', '2014-10-22 11:27:36'),
	(390, 'agent1', '2014-10-22 11:27:47', '2014-10-22 11:29:36'),
	(391, 'agent1', '2014-10-22 11:29:41', '2014-10-22 11:32:19'),
	(392, 'agent1', '2014-10-22 11:32:24', '2014-10-22 11:32:44'),
	(393, 'agent1', '2014-10-22 11:32:54', '2014-10-22 11:39:01'),
	(394, 'agent1', '2014-10-22 12:23:40', '2014-10-22 12:51:47'),
	(395, 'agent1', '2014-10-22 13:04:36', '2014-10-22 13:05:29'),
	(396, 'agent1', '2014-10-22 13:05:34', '2014-10-22 13:09:47'),
	(397, 'agent1', '2014-10-22 13:09:53', '2014-10-22 13:44:08'),
	(398, 'agent1', '2014-10-22 13:44:17', '2014-10-22 13:50:46'),
	(399, 'agent1', '2014-10-22 13:50:54', '2014-10-22 13:55:27'),
	(400, 'agent1', '2014-10-22 13:55:34', '2014-10-22 13:57:16'),
	(401, 'agent1', '2014-10-22 13:57:25', '2014-10-22 13:59:36'),
	(402, 'agent1', '2014-10-22 13:59:41', '2014-10-22 14:04:15'),
	(403, 'agent1', '2014-10-22 14:04:23', '2014-10-22 14:06:59'),
	(404, 'agent1', '2014-10-22 14:07:04', '2014-10-22 14:36:23'),
	(405, 'agent1', '2014-10-22 14:36:33', '2014-10-22 14:48:25'),
	(406, 'agent1', '2014-10-22 14:48:34', NULL),
	(407, 'agent2', '2014-10-23 05:27:04', '2014-10-23 07:12:39'),
	(408, 'agent1', '2014-10-23 07:12:17', '2014-10-23 07:12:49'),
	(409, 'admin', '2014-10-23 07:23:42', '2014-10-23 07:23:50'),
	(410, 'agent2', '2014-10-23 07:23:58', '2014-10-23 07:30:12'),
	(411, 'agent2', '2014-10-23 07:30:19', '2014-10-23 07:32:53'),
	(412, 'agent1', '2014-10-23 07:30:54', '2014-10-23 07:31:32'),
	(413, 'admin', '2014-10-23 07:31:36', '2014-10-23 07:32:11'),
	(414, 'manager1', '2014-10-23 07:32:19', '2014-10-23 07:32:26'),
	(415, 'spv1', '2014-10-23 07:32:31', '2014-10-23 07:32:34'),
	(416, 'agent1', '2014-10-23 07:32:38', '2014-10-23 07:35:33'),
	(417, 'agent2', '2014-10-23 07:33:20', '2014-10-23 07:34:27'),
	(418, 'spv1', '2014-10-23 07:34:33', '2014-10-23 07:34:38'),
	(419, 'admin', '2014-10-23 07:34:41', '2014-10-23 07:34:43'),
	(420, 'agent2', '2014-10-23 07:35:03', '2014-10-23 07:35:14'),
	(421, 'admin', '2014-10-23 07:35:18', '2014-10-23 07:35:22'),
	(422, 'manager1', '2014-10-23 07:35:26', '2014-10-23 07:38:32'),
	(423, 'agent1', '2014-10-23 07:35:41', '2014-10-23 07:35:47'),
	(424, 'spv1', '2014-10-23 07:36:06', '2014-10-23 08:38:35'),
	(425, 'agent1', '2014-10-23 07:38:35', '2014-10-23 07:43:49'),
	(426, 'agent1', '2014-10-23 07:43:54', '2014-10-23 07:44:06'),
	(427, 'agent1', '2014-10-23 07:44:37', '2014-10-23 07:44:43'),
	(428, 'agent1', '2014-10-23 07:44:53', '2014-10-23 07:45:00'),
	(429, 'agent1', '2014-10-23 07:45:07', '2014-10-23 07:47:21'),
	(430, 'agent1', '2014-10-23 07:47:29', '2014-10-23 07:47:37'),
	(431, 'agent1', '2014-10-23 07:49:48', '2014-10-23 07:50:57'),
	(432, 'agent1', '2014-10-23 07:51:20', '2014-10-23 07:52:15'),
	(433, 'agent1', '2014-10-23 07:52:20', '2014-10-23 08:02:18'),
	(434, 'agent1', '2014-10-23 08:02:25', '2014-10-23 08:07:02'),
	(435, 'agent1', '2014-10-23 08:07:07', '2014-10-23 08:12:59'),
	(436, 'agent1', '2014-10-23 08:13:54', '2014-10-23 08:16:36'),
	(437, 'agent1', '2014-10-23 08:16:42', '2014-10-23 08:18:25'),
	(438, 'agent1', '2014-10-23 08:18:31', '2014-10-23 08:21:43'),
	(439, 'agent1', '2014-10-23 08:21:50', '2014-10-23 08:23:12'),
	(440, 'agent1', '2014-10-23 08:23:18', '2014-10-23 08:40:17'),
	(441, 'agent2', '2014-10-23 08:40:04', NULL),
	(442, 'agent1', '2014-10-23 08:41:46', '2014-10-23 09:07:47'),
	(443, 'agent1', '2014-10-23 09:08:36', NULL),
	(444, 'agent1', '2014-10-23 09:11:29', NULL),
	(445, 'agent1', '2014-10-23 09:16:57', NULL),
	(446, 'agent1', '2014-10-23 09:19:24', NULL),
	(447, 'agent1', '2014-10-23 09:35:11', '2014-10-23 09:39:40'),
	(448, 'agent1', '2014-10-23 09:39:45', '2014-10-23 09:45:27'),
	(449, 'agent1', '2014-10-23 09:45:36', '2014-10-23 09:47:44'),
	(450, 'admin', '2014-10-23 09:47:49', '2014-10-23 10:28:37'),
	(451, 'agent1', '2014-10-23 10:28:41', '2014-10-23 11:04:16'),
	(452, 'agent1', '2014-10-23 11:04:22', '2014-10-23 11:05:11'),
	(453, 'agent1', '2014-10-23 11:05:15', '2014-10-23 11:11:37'),
	(454, 'agent1', '2014-10-23 11:11:44', '2014-10-23 11:15:19'),
	(455, 'agent1', '2014-10-23 11:15:48', '2014-10-23 11:21:32'),
	(456, 'agent1', '2014-10-23 11:21:38', '2014-10-23 11:22:31'),
	(457, 'agent1', '2014-10-23 11:22:40', '2014-10-23 11:27:06'),
	(458, 'agent1', '2014-10-23 11:27:11', '2014-10-23 11:28:43'),
	(459, 'agent1', '2014-10-23 11:28:51', '2014-10-23 11:35:21'),
	(460, 'agent1', '2014-10-23 11:35:45', '2014-10-23 11:37:08'),
	(461, 'agent1', '2014-10-23 11:37:13', '2014-10-23 11:38:50'),
	(462, 'agent1', '2014-10-23 11:38:58', '2014-10-23 11:51:47'),
	(463, 'agent1', '2014-10-23 11:51:53', '2014-10-23 11:52:44'),
	(464, 'agent1', '2014-10-23 11:52:50', NULL),
	(465, 'agent1', '2014-10-23 12:36:08', '2014-10-23 12:50:17'),
	(466, 'agent1', '2014-10-23 12:50:23', '2014-10-23 12:51:10'),
	(467, 'agent2', '2014-10-23 12:51:18', '2014-10-23 12:52:00'),
	(468, 'agent1', '2014-10-23 12:52:05', '2014-10-23 12:53:11'),
	(469, 'agent1', '2014-10-23 12:54:10', NULL),
	(470, 'agent1', '2014-10-23 13:36:31', NULL),
	(471, 'agent1', '2014-10-23 13:58:05', NULL),
	(472, 'agent1', '2014-10-23 14:13:04', '2014-10-23 14:40:54'),
	(473, 'agent1', '2014-10-23 14:40:59', '2014-10-23 14:41:42'),
	(474, 'agent1', '2014-10-23 14:41:47', '2014-10-23 14:44:53'),
	(475, 'agent1', '2014-10-23 14:44:59', '2014-10-23 14:46:12'),
	(476, 'agent1', '2014-10-23 14:46:18', '2014-10-23 14:46:33'),
	(477, 'agent1', '2014-10-23 14:46:43', '2014-10-23 14:47:24'),
	(478, 'agent1', '2014-10-23 14:47:29', '2014-10-23 14:49:00'),
	(479, 'agent1', '2014-10-23 14:49:16', '2014-10-23 14:49:30'),
	(480, 'agent1', '2014-10-23 14:49:35', '2014-10-23 14:49:49'),
	(481, 'agent1', '2014-10-23 14:49:55', '2014-10-23 14:51:17'),
	(482, 'agent1', '2014-10-23 14:51:49', '2014-10-23 14:52:22'),
	(483, 'agent1', '2014-10-23 14:52:34', '2014-10-23 14:54:07'),
	(484, 'agent1', '2014-10-23 14:54:12', '2014-10-23 14:58:30'),
	(485, 'agent1', '2014-10-23 14:58:35', '2014-10-23 15:02:06'),
	(486, 'agent1', '2014-10-23 15:02:13', '2014-10-23 15:06:40'),
	(487, 'agent1', '2014-10-23 15:06:45', NULL),
	(488, 'agent1', '2014-10-27 07:20:08', '2014-10-27 07:21:12'),
	(489, 'agent1', '2014-10-27 07:40:03', '2014-10-27 07:54:18'),
	(490, 'admin', '2014-10-27 07:54:34', '2014-10-27 07:55:05'),
	(491, 'agent1', '2014-10-27 07:55:15', '2014-10-27 07:56:22'),
	(492, 'agent2', '2014-10-27 07:56:29', '2014-10-27 08:36:35'),
	(493, 'agent1', '2014-10-27 08:36:39', '2014-10-27 08:46:06'),
	(494, 'agent1', '2014-10-27 08:46:20', '2014-10-27 08:48:44'),
	(495, 'agent1', '2014-10-27 08:48:49', NULL),
	(496, 'agent1', '2014-10-27 09:07:53', '2014-10-27 09:09:49'),
	(497, 'agent1', '2014-10-27 09:09:55', '2014-10-27 09:12:09'),
	(498, 'agent1', '2014-10-27 09:12:13', NULL),
	(499, 'agent1', '2014-10-27 09:16:27', NULL),
	(500, 'agent1', '2014-10-27 09:31:57', '2014-10-27 09:34:44'),
	(501, 'agent1', '2014-10-27 09:34:49', '2014-10-27 09:35:23'),
	(502, 'agent1', '2014-10-27 09:35:27', '2014-10-27 09:35:46'),
	(503, 'agent1', '2014-10-27 09:35:51', '2014-10-27 09:39:30'),
	(504, 'agent1', '2014-10-27 09:39:36', '2014-10-27 09:40:18'),
	(505, 'agent1', '2014-10-27 09:40:24', '2014-10-27 09:40:57'),
	(506, 'agent1', '2014-10-27 09:41:09', '2014-10-27 10:30:24'),
	(507, 'agent1', '2014-10-27 10:30:59', '2014-10-27 10:32:59'),
	(508, 'agent1', '2014-10-27 10:33:03', '2014-10-27 10:33:57'),
	(509, 'agent1', '2014-10-27 10:34:03', '2014-10-27 10:36:07'),
	(510, 'agent1', '2014-10-27 10:36:17', '2014-10-27 10:39:06'),
	(511, 'agent2', '2014-10-27 10:39:14', NULL),
	(512, 'agent1', '2014-10-27 11:08:21', '2014-10-27 11:08:27'),
	(513, 'agent1', '2014-10-27 11:09:18', NULL),
	(514, 'agent1', '2014-10-27 11:20:18', '2014-10-27 11:20:35'),
	(515, 'agent1', '2014-10-27 11:20:41', '2014-10-27 11:20:49'),
	(516, 'agent1', '2014-10-27 11:22:03', '2014-10-27 11:22:19'),
	(517, 'agent1', '2014-10-27 11:23:56', '2014-10-27 11:24:01'),
	(518, 'agent1', '2014-10-27 11:24:35', '2014-10-27 11:26:34'),
	(519, 'agent1', '2014-10-27 11:26:41', '2014-10-27 11:27:05'),
	(520, 'agent1', '2014-10-27 11:27:10', '2014-10-27 11:27:34'),
	(521, 'agent1', '2014-10-27 11:28:38', '2014-10-27 14:09:50'),
	(522, 'agent2', '2014-10-27 14:29:14', '2014-10-27 14:44:53'),
	(523, 'spv1', '2014-10-27 14:45:02', '2014-10-27 14:45:39'),
	(524, 'spv1', '2014-10-27 14:45:55', '2014-10-27 14:50:56'),
	(525, 'agent1', '2014-10-27 14:51:05', '2014-10-27 14:52:36'),
	(526, 'spv1', '2014-10-27 14:53:44', '2014-10-27 14:53:48'),
	(527, 'agent1', '2014-10-27 14:53:51', '2014-10-27 14:59:07'),
	(528, 'agent2', '2014-10-27 14:59:13', '2014-10-27 15:13:30'),
	(529, 'agent2', '2014-10-27 15:13:46', '2014-10-27 15:13:52'),
	(530, 'admin', '2014-10-27 15:13:55', '2014-10-27 15:14:34'),
	(531, 'agent1', '2014-10-27 15:14:43', '2014-10-27 15:15:06'),
	(532, 'spv1', '2014-10-27 15:15:15', '2014-10-27 15:19:27'),
	(533, 'spv1', '2014-10-27 15:19:32', '2014-10-27 15:20:03'),
	(534, 'spv1', '2014-10-27 15:20:08', '2014-10-27 15:24:14'),
	(535, 'spv1', '2014-10-27 15:24:20', '2014-10-27 15:24:57'),
	(536, 'spv1', '2014-10-27 15:25:02', '2014-10-27 15:25:36'),
	(537, 'spv1', '2014-10-27 15:26:33', '2014-10-27 15:27:31'),
	(538, 'spv1', '2014-10-27 15:27:38', '2014-10-27 15:27:55'),
	(539, 'agent1', '2014-10-27 15:28:23', '2014-10-27 15:28:26'),
	(540, 'spv1', '2014-10-27 15:28:33', '2014-10-27 15:29:23'),
	(541, 'agent1', '2014-10-27 15:29:28', '2014-10-27 15:29:31'),
	(542, 'spv1', '2014-10-27 15:29:35', '2014-10-27 15:30:59'),
	(543, 'spv1', '2014-10-27 15:31:04', '2014-10-27 15:32:13'),
	(544, 'spv1', '2014-10-27 15:32:17', '2014-10-27 15:35:02'),
	(545, 'spv1', '2014-10-27 15:35:07', '2014-10-27 15:35:44'),
	(546, 'spv1', '2014-10-27 15:35:53', '2014-10-27 15:36:28'),
	(547, 'spv1', '2014-10-27 15:36:36', '2014-10-27 15:37:07'),
	(548, 'spv1', '2014-10-27 15:37:12', '2014-10-27 15:39:59'),
	(549, 'spv1', '2014-10-27 15:40:04', NULL),
	(550, 'admin', '2014-10-28 07:46:01', '2014-10-28 07:46:08'),
	(551, 'agent1', '2014-10-28 07:46:13', '2014-10-28 07:46:20'),
	(552, 'spv1', '2014-10-28 07:46:24', '2014-10-28 07:48:36'),
	(553, 'spv1', '2014-10-28 07:48:41', NULL),
	(554, 'agent1', '2014-10-28 08:01:05', NULL),
	(555, 'agent1', '2014-10-28 08:16:29', NULL),
	(556, 'agent1', '2014-10-28 09:16:02', '2014-10-28 09:19:18'),
	(557, 'agent1', '2014-10-28 09:19:30', '2014-10-28 09:19:34'),
	(558, 'agent1', '2014-10-28 09:20:41', '2014-10-28 09:22:32'),
	(559, 'agent1', '2014-10-28 09:22:45', '2014-10-28 09:23:20'),
	(560, 'agent1', '2014-10-28 09:23:26', '2014-10-28 09:26:53'),
	(561, 'agent1', '2014-10-28 09:26:59', '2014-10-28 09:32:21'),
	(562, 'agent1', '2014-10-28 09:32:26', '2014-10-28 09:32:58'),
	(563, 'agent1', '2014-10-28 09:33:02', NULL),
	(564, 'agent1', '2014-10-28 09:41:04', NULL),
	(565, 'agent1', '2014-10-28 10:00:59', NULL),
	(566, 'agent1', '2014-10-28 10:04:53', NULL),
	(567, 'agent1', '2014-10-28 10:12:22', NULL),
	(568, 'agent1', '2014-10-28 10:14:00', NULL),
	(569, 'agent1', '2014-10-28 10:19:11', '2014-10-28 11:32:45'),
	(570, 'spv1', '2014-10-28 11:32:52', '2014-10-28 11:39:20'),
	(571, 'admin', '2014-10-28 11:39:27', '2014-10-28 11:41:10'),
	(572, 'admin', '2014-10-28 11:41:14', '2014-10-28 11:42:30'),
	(573, 'admin', '2014-10-28 11:42:35', '2014-10-28 11:43:33'),
	(574, 'admin', '2014-10-28 11:43:38', '2014-10-28 11:45:59'),
	(575, 'admin', '2014-10-28 11:46:03', '2014-10-28 11:49:23'),
	(576, 'admin', '2014-10-28 11:49:27', '2014-10-28 11:51:04'),
	(577, 'admin', '2014-10-28 11:51:09', '2014-10-28 11:52:34'),
	(578, 'spv1', '2014-10-28 11:52:37', '2014-10-28 11:57:24'),
	(579, 'spv1', '2014-10-28 11:57:32', '2014-10-28 11:57:48'),
	(580, 'spv1', '2014-10-28 11:57:56', '2014-10-28 12:02:46'),
	(581, 'spv1', '2014-10-28 12:02:51', '2014-10-28 12:03:51'),
	(582, 'spv1', '2014-10-28 12:03:57', '2014-10-28 12:05:08'),
	(583, 'spv1', '2014-10-28 12:05:14', '2014-10-28 12:05:36'),
	(584, 'spv1', '2014-10-28 12:05:40', '2014-10-28 12:05:58'),
	(585, 'spv1', '2014-10-28 12:06:04', '2014-10-28 12:06:46'),
	(586, 'spv1', '2014-10-28 12:06:51', '2014-10-28 12:08:02'),
	(587, 'spv1', '2014-10-28 12:08:06', '2014-10-28 12:08:42'),
	(588, 'spv1', '2014-10-28 12:08:48', '2014-10-28 12:10:11'),
	(589, 'spv1', '2014-10-28 12:10:16', '2014-10-28 12:10:32'),
	(590, 'spv1', '2014-10-28 12:10:37', '2014-10-28 12:12:30'),
	(591, 'spv1', '2014-10-28 12:12:56', '2014-10-28 12:14:29'),
	(592, 'spv1', '2014-10-28 12:14:35', '2014-10-28 12:18:47'),
	(593, 'spv1', '2014-10-28 12:18:51', '2014-10-28 12:19:12'),
	(594, 'spv1', '2014-10-28 12:19:16', '2014-10-28 12:21:56'),
	(595, 'spv1', '2014-10-28 12:21:59', '2014-10-28 12:47:51'),
	(596, 'agent1', '2014-10-28 12:48:00', '2014-10-28 12:48:33'),
	(597, 'agent1', '2014-10-28 12:48:39', '2014-10-28 13:00:15'),
	(598, 'spv1', '2014-10-28 12:51:04', '2014-10-28 12:54:39'),
	(599, 'spv1', '2014-10-28 12:54:44', '2014-10-28 12:59:44'),
	(600, 'spv1', '2014-10-28 12:59:52', '2014-10-28 13:00:58'),
	(601, 'agent2', '2014-10-28 13:00:33', '2014-10-28 13:01:22'),
	(602, 'spv1', '2014-10-28 13:01:02', '2014-10-28 13:01:04'),
	(603, 'manager1', '2014-10-28 13:01:10', '2014-10-28 13:41:35'),
	(604, 'agent1', '2014-10-28 13:01:28', NULL),
	(605, 'spv1', '2014-10-28 13:41:40', '2014-10-28 13:42:00'),
	(606, 'spv1', '2014-10-28 13:42:05', '2014-10-28 13:44:13'),
	(607, 'spv1', '2014-10-28 13:44:18', '2014-10-28 13:51:25'),
	(608, 'spv1', '2014-10-28 13:51:31', NULL),
	(609, 'admin', '2014-10-29 07:07:59', '2014-10-29 07:08:49'),
	(610, 'spv1', '2014-10-29 07:08:53', '2014-10-29 07:08:57'),
	(611, 'spv1', '2014-10-29 07:09:02', '2014-10-29 07:09:17'),
	(612, 'agent1', '2014-10-29 07:09:21', '2014-10-29 07:10:29'),
	(613, 'spv1', '2014-10-29 07:10:33', '2014-10-29 07:10:45'),
	(614, 'agent1', '2014-10-29 07:10:49', '2014-10-29 07:11:11'),
	(615, 'agent1', '2014-10-29 07:11:24', '2014-10-29 07:11:27'),
	(616, 'agent1', '2014-10-29 07:11:32', '2014-10-29 07:11:43'),
	(617, 'agent1', '2014-10-29 07:11:47', '2014-10-29 07:14:14'),
	(618, 'spv1', '2014-10-29 07:14:18', '2014-10-29 07:14:22'),
	(619, 'agent1', '2014-10-29 07:14:26', '2014-10-29 08:06:31'),
	(620, 'agent1', '2014-10-29 08:06:38', '2014-10-29 08:08:21'),
	(621, 'agent1', '2014-10-29 08:08:27', '2014-10-29 08:08:33'),
	(622, 'agent1', '2014-10-29 08:08:37', '2014-10-29 08:08:40'),
	(623, 'agent1', '2014-10-29 08:08:44', '2014-10-29 08:08:54'),
	(624, 'agent1', '2014-10-29 08:09:47', '2014-10-29 08:09:56'),
	(625, 'spv1', '2014-10-29 08:10:00', '2014-10-29 08:10:39'),
	(626, 'agent1', '2014-10-29 08:10:43', NULL),
	(627, 'agent1', '2014-10-29 08:23:35', '2014-10-29 08:24:10'),
	(628, 'agent1', '2014-10-29 08:24:16', NULL),
	(629, 'agent1', '2014-10-29 10:03:12', '2014-10-29 10:03:28'),
	(630, 'spv1', '2014-10-29 10:03:36', '2014-10-29 10:12:50'),
	(631, 'agent1', '2014-10-29 10:03:48', '2014-10-29 10:04:36'),
	(632, 'agent1', '2014-10-29 10:04:39', '2014-10-29 10:18:16'),
	(633, 'agent2', '2014-10-29 10:17:49', '2014-10-29 10:17:59'),
	(634, 'spv1', '2014-10-29 10:18:03', '2014-10-29 10:19:11'),
	(635, 'agent1', '2014-10-29 10:19:50', '2014-10-29 10:20:02'),
	(636, 'spv1', '2014-10-29 10:20:06', '2014-10-29 10:22:58'),
	(637, 'agent1', '2014-10-29 10:20:19', '2014-10-29 10:21:00'),
	(638, 'admin', '2014-10-29 10:23:06', '2014-10-29 10:23:26'),
	(639, 'agent1', '2014-10-29 11:13:30', '2014-10-29 12:13:58'),
	(640, 'agent2', '2014-10-29 12:10:23', '2014-10-29 12:12:06'),
	(641, 'agent2', '2014-10-29 12:12:14', '2014-10-29 12:12:24'),
	(642, 'agent2', '2014-10-29 12:12:41', '2014-10-29 12:19:54'),
	(643, 'agent1', '2014-10-29 12:14:22', '2014-10-29 12:19:24'),
	(644, 'agent1', '2014-10-29 12:19:30', '2014-10-29 14:35:53'),
	(645, 'agent2', '2014-10-29 12:21:10', '2014-10-29 12:25:15'),
	(646, 'agent2', '2014-10-29 12:27:21', '2014-10-29 12:30:17'),
	(647, 'agent2', '2014-10-29 13:16:07', '2014-10-29 14:33:37'),
	(648, 'agent1', '2014-10-29 14:36:02', NULL),
	(649, 'agent1', '2014-10-30 05:27:26', '2014-10-30 05:27:43'),
	(650, 'agent1', '2014-10-30 05:27:53', '2014-10-30 05:31:04'),
	(651, 'agent1', '2014-10-30 05:31:09', '2014-10-30 05:32:09'),
	(652, 'agent1', '2014-10-30 05:32:14', NULL),
	(653, 'admin', '2014-11-10 08:14:49', '2014-11-10 08:15:07'),
	(654, 'admin', '2014-11-10 08:15:26', '2014-11-10 08:15:40'),
	(655, 'agent1', '2014-11-10 08:42:03', '2014-11-10 08:46:21'),
	(656, 'agent1', '2014-11-10 08:46:35', '2014-11-10 08:46:41'),
	(657, 'admin', '2014-11-10 08:46:49', '2014-11-10 08:46:53'),
	(658, 'agent1', '2014-11-10 08:46:57', '2014-11-10 08:47:06'),
	(659, 'admin', '2014-11-10 08:47:21', '2014-11-10 08:47:23'),
	(660, 'agent1', '2014-11-10 08:47:26', '2014-11-10 08:47:37'),
	(661, 'admin', '2014-11-10 08:48:11', '2014-11-10 08:48:43'),
	(662, 'agent1', '2014-11-10 08:48:50', '2014-11-10 08:54:15'),
	(663, 'agent1', '2014-11-10 08:54:23', '2014-11-10 08:54:51'),
	(664, 'agent1', '2014-11-10 08:54:56', '2014-11-10 08:56:45'),
	(665, 'agent1', '2014-11-10 08:57:05', '2014-11-10 08:57:19'),
	(666, 'agent1', '2014-11-10 08:57:26', '2014-11-10 08:58:46'),
	(667, 'agent1', '2014-11-10 09:01:26', '2014-11-10 09:01:38'),
	(668, 'agent1', '2014-11-10 09:02:20', '2014-11-10 09:02:47'),
	(669, 'agent1', '2014-11-10 09:03:29', '2014-11-10 09:04:14'),
	(670, 'agent1', '2014-11-10 09:04:46', '2014-11-10 09:07:33'),
	(671, 'agent1', '2014-11-10 09:07:58', '2014-11-10 09:11:36'),
	(672, 'agent2', '2014-11-10 09:11:52', '2014-11-10 09:12:03'),
	(673, 'agent1', '2014-11-10 09:12:09', '2014-11-10 09:12:14'),
	(674, 'agent1', '2014-11-10 09:12:39', '2014-11-10 09:16:57'),
	(675, 'agent1', '2014-11-10 09:17:03', '2014-11-10 09:18:01'),
	(676, 'agent1', '2014-11-10 09:18:05', '2014-11-10 12:57:54'),
	(677, 'agent2', '2014-11-10 12:46:37', '2014-11-10 12:48:13'),
	(678, 'spv1', '2014-11-10 12:48:19', '2014-11-10 12:48:35'),
	(679, 'spv1', '2014-11-10 12:48:54', '2014-11-10 12:49:28'),
	(680, 'spv1', '2014-11-10 12:53:32', '2014-11-10 12:53:37'),
	(681, 'manager1', '2014-11-10 12:53:48', '2014-11-10 12:55:25'),
	(682, 'spv1', '2014-11-10 12:56:01', '2014-11-10 12:57:28'),
	(683, 'agent2', '2014-11-10 12:57:38', NULL),
	(684, 'spv1', '2014-11-10 12:58:05', '2014-11-10 12:58:07'),
	(685, 'manager1', '2014-11-10 12:58:17', '2014-11-10 13:11:04'),
	(686, 'manager1', '2014-11-10 13:11:10', '2014-11-10 13:12:33'),
	(687, 'manager1', '2014-11-10 13:12:51', '2014-11-10 13:17:14'),
	(688, 'manager1', '2014-11-10 13:17:21', '2014-11-10 13:21:02'),
	(689, 'manager1', '2014-11-10 13:21:22', '2014-11-10 14:03:07'),
	(690, 'manager1', '2014-11-10 14:03:20', NULL);
/*!40000 ALTER TABLE `user_session_log` ENABLE KEYS */;
/*!40101 SET SQL_MODE=IFNULL(@OLD_SQL_MODE, '') */;
/*!40014 SET FOREIGN_KEY_CHECKS=IF(@OLD_FOREIGN_KEY_CHECKS IS NULL, 1, @OLD_FOREIGN_KEY_CHECKS) */;
/*!40101 SET CHARACTER_SET_CLIENT=@OLD_CHARACTER_SET_CLIENT */;
